id,refseq,gene,chrom,start,end
3226-65-1,,C02989,,,
929-77-1,,,,,
3025-96-5,,,,,
57-11-4,,C01530,,,
20398-34-9,,,,,
62-56-6,,C14415,,,
91-22-5,,C06413,,,
462-20-4,,C02147,,,
578-58-5,,,,,
10030-52-1,,,,,
26177-86-6,,,,,
342385-52-8,,,,,
616-91-1,,C06809,,,
18265-46-8,,,,,
532-28-5,,,,,
488-82-4,,C01904,,,
3206-73-3,,,,,
31828-68-9,,,,,
70-47-3,,C00152,,,
65005-57-4,,,,,
13552-09-5,,,,,
67-97-0,,C05443,,,
95-43-2,,C06463,,,
25899-70-1,,,,,
63585-09-1,,,,,
300-84-5,,C00519,,,
137-00-8,,C04294,,,
1501-27-5,,,,,
621-37-4,,C05593,,,
1005-24-9,,,,,
60-18-4,,C00082,,,
83-44-3,,C04483,,,
462-88-4,,C02642,,,
1113-60-6,,C00168,,,
9005-82-7,,C00718,,,
10255-67-1,,,,,
56-92-8,,,,,
5022-65-1,,,,,
541-59-3,,C07272,,,
20263-06-3,,,,,
635-65-4,,C00486,,,
303-98-0,,C11378,,,
1011-74-1,,,,,
60-82-2,,C00774,,,
3555-86-0,,C06356,,,
116057-53-5,,,,,
313-04-2,,C01802,,,
65-46-3,,C00475,,,
79-63-0,,C01724,,,
528-58-5,,C05905,,,
56-81-5,,C00116,,,
1571-72-8,,C12115,,,
547-96-6,,C05454,,,
4033-27-6,,C00415,,,
657-27-2,,,,,
557-24-4,,C01596,,,
54965-21-8,,C01779,,,
2163-68-0,,C06552,,,
1821-02-9,,C06255,,,
103-81-1,,C02505,,,
13022-85-0,,,,,
9007-43-6,,C00524,,,
50-66-8,,C16614,,,
71-30-7,,C00380,,,
61-49-4,,C06213,,,
951-78-0,,C00526,,,
57-55-6,,C00583,,,
526-95-4,,C00257,,,
91-20-3,,C00829,,,
36051-68-0,,,,,
515-94-6,,,,,
75685-84-6,,,,,
103476-21-7,,,,,
98-79-3,,C01879,,,
1504-06-9,,C02366,,,
4264-83-9,,,,,
4151-19-3,,,,,
87-78-5,,,,,
7636-26-2,,,,,
1460-57-7,,C03739,,,
3615-17-6,,C00645,,,
106-51-4,,C00472,,,
19253-88-4,,,,,
7098-07-9,,,,,
628-94-4,,,,,
5949-29-1,,C12649,,,
31635-99-1,,,,,
333-93-7,,,,,
7664-38-2,,C00009,,,
6384-92-5,,,,,
34393-59-4,,,,,
484-17-3,,C11430,,,
21709-90-0,,,,,
87-89-8,,C00137,,,
10323-20-3,,C00216,,,
73-24-5,,C00147,,,
2922-42-1,,,,,
480-40-0,,C10028,,,
58366-64-6,,,,,
17629-30-0,,,,,
6138-41-6,,,,,
3387-36-8,,,,,
298-81-7,,C01864,,,
693-98-1,,C19261,,,
64681-08-9,,,,,
362-08-3,,C05299,,,
121-33-5,,C00755,,,
700-06-1,,,,,
93-51-6,,,,,
129832-03-7,,,,,
14028-62-7,,,,,
89-00-9,,C03722,,,
10030-85-0,,,,,
120-92-3,,C00557,,,
1118-68-9,,C01026,,,
541-15-1,,C00318,,,
122-79-2,,C00548,,,
6968-16-7,,,,,
38819-01-1,,C02013,,,
55482-27-4,,,,,
72-19-5,,C00188,,,
1946-82-3,,C12989,,,
1115-65-7,,C00606,,,
566-26-7,,C03594,,,
36475-47-5,,,,,
110-65-6,,C02497,,,
331-39-5,,C01481,,,
42155-08-8,,,,,
93-62-9,,,,,
1188-38-1,,C05829,,,
1200-22-2,,C16241,,,
60-27-5,,C00791,,,
57-88-5,,C00187,,,
367-93-1,,,,,
1679-53-4,,C02774,,,
363-24-6,,C00584,,,
2280-01-5,,C03137,,,
10569-71-9,,,,,
19246-18-5,,C01419,,,
147-71-7,,C02107,,,
3177-80-8,,,,,
2306-22-1,,C00815,,,
144-90-1,,C05145,,,
112-79-8,,C01712,,,
58-55-9,,C07130,,,
24003-67-6,,,,,
503-49-1,,C03761,,,
302-91-0,,,,,
15718-51-1,,,,,
303-43-5,,C14641,,,
127-17-3,,C00022,,,
1133-63-7,,C02526,,,
75-07-0,,C00084,,,
63700-19-6,,,,,
41001-90-5,,,,,
27391-18-0,,,,,
98-92-0,,C00153,,,
29849-82-9,,,,,
696-04-8,,C00906,,,
141-82-2,,C00383,,,
81-13-0,,C05944,,,
526-55-6,,C00955,,,
24425-56-7,,C02886,,,
56-57-5,,C03474,,,
53-16-7,,C00468,,,
69-65-8,,C00392,,,
119-68-6,,C03005,,,
105-60-2,,C06593,,,
24259-59-4,,,,,
6627-88-9,,,,,
1731-92-6,,,,,
123-38-6,,C00479,,,
120-72-9,,C00463,,,
1211-29-6,,C11512,,,
32449-92-6,,C02670,,,
6443-69-2,,C17822,,,
110-94-1,,C00489,,,
554-52-9,,C05587,,,
576-42-1,,,,,
111-02-4,,C00751,,,
124-10-7,,,,,
100313-27-7,,,,,
501-97-3,,C01744,,,
1071-46-1,,,,,
3715-29-5,,,,,
95648-83-2,,,,,
771-51-7,,C02938,,,
51-79-6,,C01537,,,
362-06-1,,C05298,,,
667-65-2,,,,,
110-17-8,,C00122,,,
14883-87-5,,,,,
156-38-7,,C00642,,,
652157-52-3,,,,,
566-88-1,,C03238,,,
79-10-7,,C00511,,,
621-44-3,,,,,
154-02-9,,,,,
118-92-3,,C00108,,,
454-29-5,,C05330,,,
102814-08-4,,,,,
69-89-6,,C00385,,,
2457-80-9,,C00170,,,
186537-58-6,,,,,
499-83-2,,,,,
23295-92-3,,,,,
553-12-8,,C02191,,,
37063-35-7,,,,,
77-95-2,,C00296,,,
520-18-3,,C05903,,,
7298-99-9,,C11511,,,
879-37-8,,C02693,,,
6042-32-6,,,,,
1637-73-6,,,,,
689-31-6,,C00846,,,
70-18-8,,C00051,,,
5802-82-4,,,,,
6217-54-5,,,,,
108-91-8,,C00571,,,
3251-69-2,,,,,
54010-71-8,,,,,
501-75-7,,C05127,,,
4042-36-8,,C02237,,,
1114-34-7,,C00476,,,
36653-82-4,,C00823,,,
7158-70-5,,,,,
149-32-6,,C00503,,,
778-82-5,,,,,
565-70-8,,,,,
59-31-4,,C06415,,,
623-05-2,,C17467,,,
526-99-8,,C00879,,,
463-79-6,,C01353,,,
552-62-5,,C16353,,,
2442-49-1,,,,,
5142-23-4,,C00913,,,
2018-66-8,,C04335,,,
488-69-7,,C00354,,,
132-64-9,,C07729,,,
614-75-5,,C05852,,,
7512-17-6,,C00140,,,
585-84-2,,C00417,,,
480-18-2,,C01617,,,
343-65-7,,C01718,,,
527-07-1,,,,,
66-22-8,,C00106,,,
10357-84-3,,,,,
134-32-7,,C14790,,,
5746-86-1,,,,,
1445-91-6,,C11348,,,
109-76-2,,C00986,,,
207300-70-7,,,,,
533-48-2,,C01909,,,
91674-26-9,,,,,
621-59-0,,,,,
367-47-5,,C00577,,,
51-35-4,,C01157,,,
498-23-7,,C02226,,,
30334-71-5,,,,,
601-34-3,,C11251,,,
23147-58-2,,,,,
107-95-9,,C00099,,,
27821-45-0,,,,,
551-68-8,,C06468,,,
1138-80-3,,C03710,,,
765-87-7,,C06105,,,
494-99-5,,,,,
506-30-9,,C06425,,,
543-24-8,,,,,
153-94-6,,C00525,,,
5147-00-2,,C00979,,,
4350-09-8,,C00643,,,
75-18-3,,C00580,,,
4033-40-3,,,,,
600-18-0,,C00109,,,
3012-37-1,,C02660,,,
463-00-3,,,,,
109-52-4,,C00803,,,
328-50-7,,C00026,,,
1229-12-5,,C03772,,,
486-66-8,,C10208,,,
14528-64-4,,,,,
1041-01-6,,,,,
7235-40-7,,C02094,,,
103-26-4,,C06358,,,
137-40-6,,,,,
6556-12-3,,C00191,,,
585-18-2,,C00279,,,
443-79-8,,C06418,,,
119-53-9,,C01408,,,
21339-55-9,,,,,
10030-67-8,,,,,
819-83-0,,,,,
94-86-0,,,,,
54-16-0,,,,,
93-10-7,,C06325,,,
19317-11-4,,C16501,,,
29915-38-6,,,,,
458-36-6,,C02666,,,
497-76-7,,C06186,,,
360-97-4,,,,,
476-66-4,,C10788,,,
4289-98-9,,C03145,,,
103301-72-0,,,,,
67-47-0,,C11101,,,
884-33-3,,,,,
627-01-0,,,,,
681295-24-9,,,,,
53-96-3,,C02778,,,
68414-18-6,,,,,
611-36-9,,C06343,,,
71160-24-2,,C02165,,,
5817-39-0,,C07639,,,
140-10-3,,C00423,,,
6061-96-7,,,,,
50887-69-9,,,,,
2584-71-6,,C03440,,,
14721-66-5,,C01607,,,
306-08-1,,C05582,,,
7365-44-8,,C05353,,,
1476-39-7,,,,,
1783-96-6,,C00402,,,
94-62-2,,C03882,,,
18233-70-0,,,,,
97-65-4,,C00490,,,
141-97-9,,C03500,,,
138-59-0,,C00493,,,
970-74-1,,C12136,,,
10236-47-2,,C09789,,,
59-00-7,,C02470,,,
2503-46-2,,,,,
28094-15-7,,,,,
112-85-6,,C08281,,,
35850-13-6,,,,,
123-32-0,,,,,
979-92-0,,C00021,,,
1596-64-1,,,,,
111-11-5,,,,,
22202-68-2,,,,,
96-26-4,,C00184,,,
97-54-1,,C10469,,,
940-69-2,,C00248,,,
20989-69-9,,,,,
14982-50-4,,C08348,,,
68-42-8,,C05476,,,
303-38-8,,C00196,,,
10094-62-9,,,,,
1772-03-8,,,,,
544-31-0,,C16512,,,
33818-15-4,,,,,
528-50-7,,,,,
884-35-5,,,,,
3685-22-1,,,,,
118-00-3,,C00387,,,
56-89-3,,C00491,,,
17199-29-0,,C01984,,,
104809-38-3,,,,,
2922-83-0,,C00328,,,
532-32-1,,,,,
108-95-2,,C00146,,,
543-38-4,,C00308,,,
503-66-2,,C01013,,,
106-24-1,,C01500,,,
67-03-8,,,,,
109-00-2,,,,,
601-75-2,,,,,
3483-11-2,,,,,
111-42-2,,C06772,,,
13382-72-9,,,,,
110-16-7,,C01384,,,
739-27-5,,C14552,,,
4265-07-0,,,,,
17013-01-3,,,,,
142-08-5,,C02502,,,
501-94-0,,C06044,,,
112-61-8,,,,,
28822-73-3,,,,,
507-09-5,,C01857,,,
16682-12-5,,C11320,,,
16867-04-2,,,,,
79-57-2,,C06624,,,
5988-19-2,,C00337,,,
506-12-7,,,,,
151-18-8,,C05670,,,
25990-60-7,,C01394,,,
35323-91-2,,C09728,,,
100-52-7,,C00261,,,
11032-49-8,,C00828,,,
55528-53-5,,,,,
107-43-7,,C00719,,,
491-80-5,,C00814,,,
13718-94-2,,,,,
614-60-8,,C01772,,,
79551-86-3,,C14748,,,
53-06-5,,C00762,,,
50-27-1,,C05141,,,
343336-76-5,,,,,
601-53-6,,C03091,,,
673-49-4,,,,,
97-67-6,,C00149,,,
1080-06-4,,C03404,,,
15926-18-8,,,,,
615-13-4,,C07727,,,
486-74-8,,C06414,,,
7568-93-6,,C02735,,,
608-66-2,,C01697,,,
50-14-6,,C05441,,,
33430-62-5,,,,,
7541-49-3,,C01389,,,
2365-40-4,,C04083,,,
153-98-0,,,,,
90-43-7,,C02499,,,
5336-08-3,,,,,
65-86-1,,C00295,,,
69-72-7,,C00805,,,
471-25-0,,C00804,,,
18835-59-1,,,,,
958-09-8,,C00559,,,
328-39-2,,,,,
452-86-8,,C06730,,,
56-87-1,,C00047,,,
634-97-9,,,,,
20448-79-7,,,,,
56-41-7,,C00041,,,
6712-03-4,,,,,
80-05-7,,C13624,,,
5793-88-4,,,,,
2595-97-3,,C01487,,,
32860-62-1,,,,,
50-03-3,,C02821,,,
13204-98-3,,,,,
675-20-7,,,,,
629-83-4,,,,,
638-18-6,,,,,
487-21-8,,C03212,,,
6645-46-1,,,,,
704-15-4,,,,,
96-17-3,,C02223,,,
89-83-8,,C09908,,,
4484-88-2,,C00689,,,
99-96-7,,C00156,,,
504-15-4,,C00727,,,
574-17-4,,C02172,,,
536-60-7,,C06576,,,
2306-33-4,,,,,
99-50-3,,C00230,,,
8002-43-5,,C00157,,,
5817-08-3,,,,,
124-07-2,,C06423,,,
4896-77-9,,,,,
57-91-0,,C02537,,,
5391-40-5,,,,,
392-12-1,,C00331,,,
79-81-2,,C02588,,,
123-30-8,,C02372,,,
6505-45-9,,,,,
93919-41-6,,,,,
58888-84-9,,C16651,,,
473-81-4,,C00258,,,
5550-12-9,,,,,
1912-33-0,,C20635,,,
113573-73-2,,,,,
653-63-4,,C00360,,,
775-01-9,,C05580,,,
469-90-9,,,,,
373-49-9,,C08362,,,
498-40-8,,,,,
7643-75-6,,C00532,,,
500-44-7,,C04771,,,
62147-49-3,,,,,
97-69-8,,,,,
658-79-7,,,,,
608-07-1,,C05659,,,
64044-51-5,,,,,
301-00-8,,,,,
611-71-2,,,,,
77928-70-2,,,,,
555-45-3,,,,,
3237-44-3,,,,,
382-45-6,,C05285,,,
13031-04-4,,C01125,,,
516-05-2,,C02170,,,
513-86-0,,C00466,,,
672-15-1,,C00263,,,
84-80-0,,C02059,,,
53411-70-4,,,,,
3681-93-4,,C01460,,,
407-41-0,,C01005,,,
475-31-0,,C01921,,,
112-39-0,,C16995,,,
2491-15-8,,,,,
36051-31-7,,,,,
144-62-7,,C00209,,,
594-61-6,,,,,
56-85-9,,C00064,,,
53-43-0,,C01227,,,
6153-56-6,,,,,
87-69-4,,C00898,,,
534-46-3,,,,,
102783-53-9,,,,,
106-28-5,,C01126,,,
95-48-7,,C01542,,,
327-97-9,,C00852,,,
75431-54-8,,,,,
431-03-8,,C00741,,,
72-48-0,,C01474,,,
94249-01-1,,,,,
588-30-7,,,,,
626-72-2,,C01817,,,
3105-95-1,,C00408,,,
23537-25-9,,,,,
80-69-3,,C02287,,,
104-93-8,,,,,
2140-46-7,,C15519,,,
59-92-7,,C00355,,,
504-02-9,,C01066,,,
579-36-2,,,,,
73-32-5,,C00407,,,
1120-25-8,,,,,
86-74-8,,C08060,,,
7772-94-3,,,,,
131-99-7,,C00130,,,
65-22-5,,,,,
99-06-9,,C00587,,,
14167-59-0,,,,,
6192-52-5,,,,,
123-78-4,,C00319,,,
489-46-3,,,,,
987-65-5,,,,,
19817-92-6,,,,,
35842-45-6,,,,,
555-30-6,,C07194,,,
50-23-7,,C00735,,,
31519-22-9,,C03657,,,
108-73-6,,C02183,,,
1109-28-0,,C01835,,,
74299-50-6,,,,,
50-69-1,,C00121,,,
52-90-4,,C00097,,,
72691-25-9,,,,,
636-61-3,,C00497,,,
13114-27-7,,,,,
1135-24-6,,,,,
59-02-9,,C02477,,,
52450-38-1,,,,,
10237-77-1,,,,,
60-23-1,,C01678,,,
72556-74-2,,,,,
5681-36-7,,,,,
4436-74-2,,,,,
14371-10-9,,,,,
611-73-4,,C02137,,,
90-01-7,,C02323,,,
58-86-6,,C00181,,,
3588-17-8,,,,,
550-33-4,,C01736,,,
474-25-9,,C02528,,,
533-73-3,,C02814,,,
94-07-5,,C04548,,,
7198-10-9,,,,,
471-29-4,,C02294,,,
21598-06-1,,,,,
88-99-3,,C01606,,,
53-41-8,,C00523,,,
529-69-1,,C03975,,,
97-14-3,,,,,
556-82-1,,C01390,,,
58-97-9,,C00105,,,
1094-61-7,,C00455,,,
2646-71-1,,C00005,,,
21637-25-2,,C05623,,,
492-62-6,,C00267,,,
300-85-6,,,,,
109-86-4,,,,,
111-82-0,,,,,
79581-34-3,,,,,
121-34-6,,C06672,,,
000000-00-0,,,,,
820-11-1,,,,,
1824-94-8,,C03619,,,
35908-31-7,,,,,
4023-65-8,,C02341,,,
24347-58-8,,C03044,,,
120-80-9,,C00090,,,
92-52-4,,C06588,,,
3646-68-2,,C03752,,,
61-90-5,,C00123,,,
2152-75-2,,C06156,,,
537-33-7,,C02325,,,
486-56-6,,,,,
19333-65-4,,,,,
616-04-6,,,,,
95-55-6,,C01987,,,
87-99-0,,C00379,,,
50-78-2,,C01405,,,
11103-57-4,,C00473,,,
1188-37-0,,C00624,,,
542-32-5,,C00956,,,
89304-26-7,,,,,
646-01-5,,C08276,,,
93965-35-6,,,,,
123-72-8,,C01412,,,
499-40-1,,C00252,,,
79-09-4,,C00163,,,
52-39-1,,C01780,,,
1210-83-9,,C00978,,,
100-02-7,,C00870,,,
3436-44-0,,,,,
50-67-9,,C00780,,,
951-77-9,,C00881,,,
306-67-2,,,,,
34522-32-2,,C04137,,,
129-43-1,,C02980,,,
83-67-0,,C07480,,,
2018-61-3,,C03519,,,
57-10-3,,C00249,,,
6753-62-4,,,,,
114-63-6,,,,,
199926-38-0,,,,,
1731-84-6,,,,,
62-57-7,,C03665,,,
99-76-3,,,,,
6263-10-8,,,,,
5541-93-5,,,,,
446-72-0,,C06563,,,
147-85-3,,C00148,,,
1186-30-7,,,,,
22150-76-1,,C06313,,,
90-80-2,,C00198,,,
124-04-9,,C06104,,,
16096-97-2,,,,,
591-12-8,,,,,
480-19-3,,C10084,,,
17176-17-9,,,,,
127-07-1,,C07044,,,
2068-83-9,,C01188,,,
4502-00-5,,,,,
481-39-0,,C03840,,,
24305-27-9,,C03958,,,
64-18-6,,C00058,,,
660-88-8,,C00431,,,
488-81-3,,C00474,,,
2776-93-4,,,,,
638-23-3,,C03727,,,
65-23-6,,C00314,,,
99-87-6,,C06575,,,
82385-42-0,,,,,
1464-42-2,,,,,
529-44-2,,C10107,,,
50-89-5,,C00214,,,
488-17-5,,C02923,,,
107-92-6,,C00246,,,
2140-65-0,,,,,
99-98-9,,C04203,,,
617-48-1,,C00711,,,
362-07-2,,C05302,,,
961-07-9,,C00330,,,
62-31-7,,,,,
334-48-5,,C01571,,,
548-93-6,,C00632,,,
70-26-8,,C00077,,,
530-57-4,,C10833,,,
1460-34-0,,C03465,,,
122-78-1,,C00601,,,
156-39-8,,C01179,,,
72-18-4,,C00183,,,
1811-31-0,,C01074,,,
133-37-9,,,,,
68-94-0,,C00262,,,
111-16-0,,C02656,,,
71-44-3,,C00750,,,
83-34-1,,C08313,,,
674-26-0,,,,,
922-32-7,,,,,
4618-18-2,,C07064,,,
51-41-2,,C00547,,,
289-95-2,,,,,
22059-21-8,,C01234,,,
51028-73-0,,,,,
14689-84-0,,,,,
77-92-9,,C00158,,,
529-64-6,,C01456,,,
3106-60-3,,C02918,,,
533-67-5,,C01801,,,
87-66-1,,C01108,,,
103-82-2,,C07086,,,
69-79-4,,C00208,,,
764-22-7,,C00836,,,
60-92-4,,C00575,,,
54-11-5,,C00745,,,
328-42-7,,C00036,,,
4376-20-9,,,,,
139-85-5,,C16700,,,
123-08-0,,C00633,,,
87-79-6,,C00247,,,
37839-81-9,,,,,
2041-14-7,,C03557,,,
138-08-9,,C00074,,,
582-60-5,,C03114,,,
102-29-4,,C12064,,,
110-42-9,,,,,
90-05-1,,C01502,,,
626-64-2,,,,,
1464-44-4,,C11611,,,
91-10-1,,C10787,,,
88848-89-6,,,,,
154-87-0,,,,,
101-31-5,,C02046,,,
156-06-9,,C00166,,,
6133-30-8,,C03139,,,
3458-28-4,,C00159,,,
3031-94-5,,C04677,,,
20283-92-5,,C01850,,,
92-61-5,,C01752,,,
33008-07-3,,,,,
6482-98-0,,,,,
2043-43-8,,,,,
362-05-0,,C05301,,,
5502-96-5,,C13051,,,
18524-94-2,,C01433,,,
151151-32-5,,,,,
111-14-8,,C17714,,,
71-00-1,,C00135,,,
5094-24-6,,,,,
6351-10-6,,,,,
151-00-8,,,,,
590-86-3,,C07329,,,
3471-31-6,,C05660,,,
474-62-4,,C01789,,,
593-81-7,,,,,
530-59-6,,C00482,,,
6860-47-5,,C01630,,,
363-23-5,,,,,
57-87-4,,C01694,,,
434-16-2,,C01164,,,
51-43-4,,C00788,,,
7382-59-4,,,,,
544-63-8,,C06424,,,
1119-34-2,,,,,
971-74-4,,,,,
72003-83-9,,,,,
2553-59-5,,,,,
2147-61-7,,C02794,,,
2497-02-1,,C02997,,,
135-16-0,,C00101,,,
142-62-1,,C01585,,,
62-53-3,,C00292,,,
15673-79-7,,,,,
498-02-2,,C11380,,,
43139-22-6,,,,,
87-73-0,,C00818,,,
1032-65-1,,C00239,,,
104-98-3,,C00785,,,
4578-31-8,,C18344,,,
59709-57-8,,,,,
16373-93-6,,,,,
1071-23-4,,C00346,,,
28053-08-9,,,,,
56-12-2,,C00334,,,
5142-22-3,,C02216,,,
490-83-5,,C05422,,,
566-65-4,,C03681,,,
22879-79-4,,,,,
143-07-7,,C02679,,,
79-33-4,,C00186,,,
119-67-5,,C03057,,,
104872-94-8,,,,,
1086-80-2,,C01727,,,
20095-27-6,,,,,
51-67-2,,C00483,,,
554-62-1,,C12144,,,
644-42-8,,,,,
3542-13-0,,,,,
352195-40-5,,,,,
56-47-3,,C14554,,,
108321-53-5,,,,,
111-03-5,,,,,
67423-45-4,,,,,
2140-61-6,,,,,
6600-40-4,,C01826,,,
501-98-4,,C00811,,,
13078-04-1,,C06180,,,
86-48-6,,C03203,,,
3943-74-6,,,,,
302-79-4,,C00777,,,
501-52-0,,C05629,,,
536-66-3,,C06578,,,
6055-72-7,,,,,
583-93-7,,,,,
124-20-9,,C00315,,,
108-46-3,,C01751,,,
87-51-4,,C00954,,,
1482-97-9,,,,,
97-53-0,,C10453,,,
150-97-0,,,,,
114-76-1,,,,,
63-05-8,,C00280,,,
198879-21-9,,,,,
853645-22-4,,,,,
766-93-8,,C11519,,,
146-14-5,,C00016,,,
6589-55-5,,,,,
52-52-8,,C03969,,,
2465-59-0,,C07599,,,
146255-66-5,,C12026,,,
698999-85-8,,,,,
601-57-0,,C00599,,,
34363-28-5,,,,,
70442-23-8,,,,,
100-61-8,,C02299,,,
79-31-2,,C02632,,,
88-14-2,,C01546,,,
82950-64-9,,,,,
131-48-6,,C00270,,,
59-30-3,,C00504,,,
120-73-0,,,,,
13545-04-5,,,,,
154-23-4,,C06562,,,
65-71-4,,C00178,,,
91183-98-1,,,,,
54261-98-2,,,,,
57-50-1,,C00089,,,
110-60-1,,C00134,,,
577-85-5,,,,,
85187-10-6,,,,,
63-91-2,,C00079,,,
53660-23-4,,C16650,,,
1214-47-7,,,,,
19408-84-5,,C16952,,,
505-48-6,,C08278,,,
81-25-4,,C00695,,,
56-45-1,,C00065,,,
5990-63-6,,,,,
593-39-5,,C08363,,,
84-21-9,,C01367,,,
108-13-4,,,,,
327-57-1,,C01933,,,
498-00-0,,C06317,,,
100-83-4,,C03067,,,
1191-25-9,,C06103,,,
1990-29-0,,C06464,,,
60113-83-9,,,,,
525-82-6,,C10043,,,
495-27-2,,,,,
51268-88-3,,,,,
473-86-9,,,,,
1792-81-0,,C12313,,,
60658-41-5,,,,,
91510-62-2,,,,,
17885-08-4,,,,,
372-75-8,,C00327,,,
112-86-7,,C08316,,,
50-70-4,,C00794,,,
51-48-9,,C01829,,,
79-36-0,,,,,
332-80-9,,,,,
611-59-6,,C13747,,,
116-09-6,,C05235,,,
146-80-5,,C01762,,,
24634-61-5,,,,,
2595-98-4,,C06467,,,
59-67-6,,C00253,,,
60-33-3,,C01595,,,
53-84-9,,C00003,,,
23945-44-0,,C03030,,,
10191-41-0,,,,,
615-58-7,,C14521,,,
63-37-6,,C00055,,,
102783-56-2,,,,,
56-88-2,,C02291,,,
65-85-0,,C00180,,,
551-16-6,,C02954,,,
7568-08-4,,,,,
55682-92-3,,,,,
3184-13-2,,,,,
107-97-1,,C00213,,,
34369-07-8,,,,,
26016-99-9,,,,,
458-35-5,,C00590,,,
103301-73-1,,,,,
137-08-6,,C12276,,,
5415-44-1,,C16361,,,
112-62-9,,C03425,,,
1821-52-9,,C02043,,,
504-07-4,,C00429,,,
620-24-6,,C03351,,,
82-86-0,,C02807,,,
137868-52-1,,,,,
8049-97-6,,C05606,,,
38632-24-5,,,,,
372-97-4,,C00448,,,
6814-87-5,,,,,
79-14-1,,C00160,,,
100-51-6,,C00556,,,
611-13-2,,,,,
17817-88-8,,C00418,,,
73-40-5,,C00242,,,
90-64-2,,,,,
62-84-0,,,,,
41468-25-1,,,,,
14206-69-0,,,,,
434-13-9,,C03990,,,
50-81-7,,C00072,,,
6138-23-4,,,,,
100-09-4,,C02519,,,
50-28-2,,C00951,,,
108-19-0,,C06555,,,
3615-56-3,,C00764,,,
97-31-4,,,,,
154-17-6,,C00586,,,
7023-03-2,,,,,
484-20-8,,C01557,,,
15763-06-1,,C02494,,,
108-39-4,,C01467,,,
28954-12-3,,C05519,,,
5934-29-2,,,,,
5006-66-6,,C01020,,,
547-25-1,,C19636,,,
7665-99-8,,C00942,,,
61-54-1,,C00398,,,
80226-00-2,,C18166,,,
4408-78-0,,C05682,,,
87-81-0,,C00795,,,
40732-48-7,,,,,
1689-64-1,,C06711,,,
585-88-6,,,,,
80731-10-8,,,,,
35608-63-0,,,,,
56-86-0,,C00025,,,
14191-95-8,,C03766,,,
88-21-1,,C06333,,,
637-88-7,,C08063,,,
59-23-4,,C00124,,,
56-40-6,,C00037,,,
39840-37-4,,,,,
10516-71-9,,,,,
5505-63-5,,,,,
451-13-8,,C00544,,,
60-31-1,,C08201,,,
117-81-7,,C03690,,,
300-48-1,,,,,
89-84-9,,C03663,,,
487-26-3,,,,,
485-72-3,,C00858,,,
24940-57-6,,C04259,,,
2433-96-7,,,,,
3184-35-8,,C00322,,,
585-99-9,,C05402,,,
152-58-9,,C05488,,,
542-28-9,,C02240,,,
21343-40-8,,,,,
102-32-9,,C01161,,,
110-15-6,,C00042,,,
492-27-3,,C01717,,,
63-68-3,,C00073,,,
57-92-7,,,,,
305-84-0,,C00386,,,
119-84-6,,C02274,,,
487-90-1,,C00931,,,
1120-28-1,,,,,
2734-48-7,,,,,
3687-64-7,,,,,
1128-23-0,,C01040,,,
142-73-4,,,,,
701-44-0,,C05842,,,
334-50-9,,,,,
80-92-2,,C05484,,,
23074-10-4,,,,,
4433-40-3,,C03088,,,
534-82-7,,,,,
621-54-5,,C11457,,,
66009-10-7,,,,,
4229-38-3,,,,,
273724-21-3,,,,,
10083-24-6,,C05901,,,
516-72-3,,C05500,,,
759-65-9,,C04067,,,
583-08-4,,C05380,,,
1188-21-2,,C02710,,,
495-69-2,,C01586,,,
5080-50-2,,,,,
6894-38-8,,C08491,,,
13095-48-2,,C03196,,,
17685-04-0,,,,,
2478-38-8,,C10664,,,
828-01-3,,,,,
149-91-7,,C01424,,,
2140-67-2,,,,,
6249-56-5,,,,,
5965-53-7,,,,,
1115-47-5,,,,,
62-49-7,,C00114,,,
555-44-2,,,,,
105-45-3,,,,,
626-51-7,,,,,
551-84-8,,C00310,,,
56401-20-8,,,,,
699012-36-7,,,,,
506-37-6,,C08323,,,
300-39-0,,C01060,,,
5959-35-3,,,,,
2236-60-4,,C00715,,,
4754-39-6,,C05198,,,
108321-05-7,,,,,
123-99-9,,C08261,,,
490-79-9,,C00628,,,
97-59-6,,C01551,,,
96-82-2,,,,,
56-84-8,,C00049,,,
535-75-1,,,,,
73-22-3,,C00078,,,
486-25-9,,C06712,,,
225101-69-9,,,,,
103-84-4,,C07565,,,
1114-81-4,,,,,
5451-09-2,,,,,
58-61-7,,C00212,,,
604-35-3,,,,,
90-33-5,,C03081,,,
501-36-0,,C03582,,,
19046-60-7,,,,,
115-69-5,,C11260,,,
103192-55-8,,,,,
112-05-0,,C01601,,,
2482-00-0,,,,,
68-19-9,,C02823,,,
147-81-9,,C00259,,,
56-73-5,,C00092,,,
591-31-1,,,,,
82-82-6,,C00847,,,
123-51-3,,C07328,,,
134-96-3,,,,,
675-10-5,,C02752,,,
582-24-1,,C07189,,,
58-08-2,,C07481,,,
6851-36-1,,,,,
69-93-2,,C00366,,,
75-12-7,,C00488,,,
85-01-8,,C11422,,,
922-50-9,,,,,
112-80-1,,C00712,,,
514-10-3,,C06087,,,
64519-82-0,,,,,
4206-58-0,,C05610,,,
141-43-5,,C00189,,,
57-48-7,,C00095,,,
763-10-0,,,,,
934-00-9,,,,,
563-96-2,,,,,
1866-68-8,,,,,
20549-47-7,,C11396,,,
505-95-3,,C08317,,,
66638-22-0,,,,,
1164-98-3,,C05485,,,
148296-43-9,,,,,
58-85-5,,C00120,,,
23279-22-3,,,,,
481-06-1,,C02206,,,
57-13-6,,C00086,,,
55-21-0,,C09815,,,
352-97-6,,C00581,,,
923-16-0,,C00993,,,
64-04-0,,C05332,,,
1477-68-5,,,,,
552-59-0,,C10521,,,
98-98-6,,C10164,,,
997-55-7,,C01042,,,
15985-39-4,,C03510,,,
382-44-5,,C05284,,,
118-74-1,,C11042,,,
2438-80-4,,C01019,,,
13241-33-3,,C09806,,,
770-05-8,,,,,
500-98-1,,C05598,,,
51568-18-4,,,,,
63-42-3,,C00243,,,
1194-98-5,,,,,
338-69-2,,C00133,,,
495-78-3,,C01198,,,
701-64-4,,C02734,,,
65-45-2,,,,,
1492-23-5,,C01118,,,
18069-17-5,,,,,
42013-20-7,,,,,
84366-81-4,,,,,
56-82-6,,,,,
368-16-1,,C01152,,,
108320-87-2,,,,,
100-46-9,,C15562,,,
55-10-7,,C05584,,,
58-96-8,,C00299,,,
2642-37-7,,,,,
72461-86-0,,,,,
102129-65-7,,,,,
524-36-7,,,,,
83-88-5,,C00255,,,
66-84-2,,,,,
81012-88-6,,,,,
6892-68-8,,C00950,,,
88546-55-8,,,,,
365-07-1,,C00364,,,
16652-64-5,,,,,
692-29-5,,C00232,,,
45159-34-0,,,,,
521-18-6,,C03917,,,
54845-95-3,,C04742,,,
565-20-8,,,,,
32462-30-9,,C12323,,,
3238-40-2,,C20450,,,
599-04-2,,C01012,,,
1002-57-9,,,,,
73-31-4,,C01598,,,
18457-55-1,,C02452,,,
150-13-0,,C00568,,,
55672-92-9,,,,,
58-63-9,,C00294,,,
56-18-8,,C03375,,,
4385-35-7,,C07728,,,
816-66-0,,C00233,,,
3128-06-1,,C02129,,,
86-73-7,,C07715,,,
78-98-8,,C00546,,,
51-61-6,,C03758,,,
123-31-9,,C00530,,,
107-35-7,,C00245,,,
462-10-2,,C20788,,,
102783-74-4,,,,,
302-95-4,,C11171,,,
60-11-7,,C03764,,,
578-86-9,,C09762,,,
288-13-1,,C00481,,,
57-00-1,,C00300,,,
506-26-3,,C06426,,,
311-45-5,,C06606,,,
50-22-6,,C02140,,,
